method,group,n_samples,n_turns,total_new_tokens,total_wall_time,total_draft_time,total_target_time,MAT,draft_accept_mean,speedup_paired,speedup_global
baseline,ALL,600,723,73810,1834.0428931713104,0.0,1805.2863506145077,1.0,nan,1.0,1.0
eagle,ALL,600,723,74444,1623.4954986572266,178.015968483116,1339.7670496195205,1.8474748728130042,0.847474872813004,1.0754719100213412,1.1393912886668642
eagle2,ALL,600,723,74099,1476.516018629074,99.41790155257331,1302.0785308268387,1.6448533818730715,0.6448533818730715,1.1856108036149977,1.2470057818390199
eagle3,ALL,600,723,74511,2822.846421480179,321.266745000612,2299.785069536476,1.0397415681732554,0.03974156817325537,0.6945651899863995,0.655884585564479
msd,ALL,600,723,73672,865.9802906513214,114.22788102750201,635.8058548406698,4.753338925091941,3.6854346564711506,1.8233396124934562,2.113920913065883
vispec,ALL,600,723,74106,824.5888104438782,84.69976337772096,683.196694235492,3.9799140708915144,2.9799140708915144,1.958458660997699,2.2331105225117747
