method,group,n_samples,n_turns,total_new_tokens,total_wall_time,total_draft_time,total_target_time,MAT,draft_accept_mean,speedup_paired,speedup_global
baseline,ALL,600,723,73810,1834.0428931713104,0.0,1805.2863506145077,1.0,nan,1.0,1.0
eagle3,ALL,600,723,74511,2822.846421480179,321.266745000612,2299.785069536476,1.0397415681732554,0.03974156817325537,0.6945651899863995,0.655884585564479
