method,group,n_samples,n_turns,total_new_tokens,total_wall_time,total_draft_time,total_target_time,MAT,draft_accept_mean,speedup_paired,speedup_global
baseline,ALL,600,723,73810,1834.0428931713104,0.0,1805.2863506145077,1.0,nan,1.0,1.0
eagle2,ALL,600,723,74099,1476.516018629074,99.41790155257331,1302.0785308268387,1.6448533818730715,0.6448533818730715,1.1856108036149977,1.2470057818390199
