method,group,n_samples,n_turns,total_new_tokens,total_wall_time,total_draft_time,total_target_time,MAT,draft_accept_mean,speedup_paired,speedup_global
baseline,ALL,600,723,73810,1834.0428931713104,0.0,1805.2863506145077,1.0,nan,1.0,1.0
vispec,ALL,600,723,74106,824.5888104438782,84.69976337772096,683.196694235492,3.9799140708915144,2.9799140708915144,1.958458660997699,2.2331105225117747
