method,group,n_samples,n_turns,total_new_tokens,total_wall_time,total_draft_time,total_target_time,MAT,draft_accept_mean,speedup_paired,speedup_global
baseline,ALL,600,723,73810,1834.0428931713104,0.0,1805.2863506145077,1.0,nan,1.0,1.0
eagle,ALL,600,723,74444,1623.4954986572266,178.015968483116,1339.7670496195205,1.8474748728130042,0.847474872813004,1.0754719100213412,1.1393912886668642
