method,group,n_samples,n_turns,total_new_tokens,total_wall_time,total_draft_time,total_target_time,MAT,draft_accept_mean,speedup_paired,speedup_global
baseline,ALL,60,69,13352,348.1138412952423,0.0,310.1420745861251,1.0,nan,1.0,1.0
vispec,ALL,60,69,11761,198.74087500572205,18.315029159828555,119.11086046695709,3.2204271631982477,2.2204271631982477,1.420146715074228,1.5428795411594047
